{"cameraMode":{"drawMode":0,"name":"Shaded","section":"Shading Mode"},"sceneLighting":false,"audioPlay":false,"sceneViewState":{"m_AlwaysRefresh":false,"showFog":false,"showSkybox":false,"showFlares":false,"showImageEffects":false,"showParticleSystems":false,"showVisualEffectGraphs":true,"m_FxEnabled":true},"in2DMode":false,"pivot":{"x":-4.76837158203125e-7,"y":7.990656852722168,"z":0.23259639739990235},"rotation":{"x":-0.004388416185975075,"y":0.9938256144523621,"z":-0.042571261525154117,"w":-0.10242488235235214},"size":13.580526351928711,"orthographic":false}