{"cameraMode":{"drawMode":0,"name":"Shaded","section":"Shading Mode"},"sceneLighting":true,"audioPlay":false,"sceneViewState":{"m_AlwaysRefresh":false,"showFog":true,"showSkybox":true,"showFlares":true,"showImageEffects":true,"showParticleSystems":true,"showVisualEffectGraphs":true,"m_FxEnabled":true},"in2DMode":false,"pivot":{"x":5.826721668243408,"y":8.071675300598145,"z":-1.8931121826171876},"rotation":{"x":-0.004388416185975075,"y":0.9938256144523621,"z":-0.042571261525154117,"w":-0.10242488235235214},"size":9.82873249053955,"orthographic":false}